{"cameraMode":{"drawMode":0,"name":"Shaded","section":"Shading Mode"},"sceneLighting":true,"audioPlay":false,"sceneViewState":{"showFog":true,"showMaterialUpdate":false,"showSkybox":true,"showFlares":true,"showImageEffects":true,"showParticleSystems":true},"in2DMode":false,"pivot":{"x":-30.774436950683595,"y":-14.425681114196778,"z":-52.2070198059082},"rotation":{"x":-0.044358447194099429,"y":0.9549710154533386,"z":-0.22494028508663178,"w":-0.1883203685283661},"size":55.29802322387695,"orthographic":false}