{"cameraMode":{"drawMode":0,"name":"Shaded","section":"Shading Mode"},"sceneLighting":false,"audioPlay":false,"sceneViewState":{"showFog":true,"showMaterialUpdate":false,"showSkybox":true,"showFlares":true,"showImageEffects":true,"showParticleSystems":true},"in2DMode":false,"pivot":{"x":-19.93331527709961,"y":4.743544101715088,"z":13.263619422912598},"rotation":{"x":-0.3594200611114502,"y":0.2638455927371979,"z":-0.10670690983533859,"w":-0.8887162208557129},"size":106.04656219482422,"orthographic":false}