{"cameraMode":{"drawMode":0,"name":"Shaded","section":"Shading Mode"},"sceneLighting":true,"audioPlay":false,"sceneViewState":{"showFog":true,"showMaterialUpdate":false,"showSkybox":true,"showFlares":true,"showImageEffects":true,"showParticleSystems":true},"in2DMode":false,"pivot":{"x":0.48029184341430666,"y":10.900407791137696,"z":-8.552627563476563},"rotation":{"x":0.3380173444747925,"y":-0.05167372524738312,"z":0.0185912624001503,"w":0.9395363926887512},"size":22.0,"orthographic":false}