{"cameraMode":{"drawMode":0,"name":"Shaded","section":"Shading Mode"},"sceneLighting":false,"audioPlay":false,"sceneViewState":{"showFog":true,"showMaterialUpdate":false,"showSkybox":true,"showFlares":true,"showImageEffects":true,"showParticleSystems":true},"in2DMode":false,"pivot":{"x":0.0,"y":0.28743788599967959,"z":-2.9802322387695315e-8},"rotation":{"x":-0.32217466831207278,"y":-0.4326140880584717,"z":0.1689583957195282,"w":-0.8249253034591675},"size":2.774752378463745,"orthographic":false}