{"cameraMode":{"drawMode":0,"name":"Shaded","section":"Shading Mode"},"sceneLighting":false,"audioPlay":false,"sceneViewState":{"showFog":true,"showMaterialUpdate":false,"showSkybox":true,"showFlares":true,"showImageEffects":true,"showParticleSystems":true},"in2DMode":false,"pivot":{"x":-25.0,"y":-0.0973978042602539,"z":5.000144958496094},"rotation":{"x":-0.2708166539669037,"y":-0.1800336092710495,"z":0.051635242998600009,"w":-0.9442352056503296},"size":23.336719512939454,"orthographic":false}