{"cameraMode":{"drawMode":0,"name":"Shaded","section":"Shading Mode"},"sceneLighting":true,"audioPlay":false,"sceneViewState":{"showFog":true,"showMaterialUpdate":false,"showSkybox":true,"showFlares":true,"showImageEffects":true,"showParticleSystems":true},"in2DMode":false,"pivot":{"x":-40.214576721191409,"y":29.382429122924806,"z":0.5744192600250244},"rotation":{"x":-0.336792528629303,"y":-0.5808917284011841,"z":0.28622108697891238,"w":-0.6835298538208008},"size":18.29937171936035,"orthographic":false}