{"cameraMode":{"drawMode":0,"name":"Shaded","section":"Shading Mode"},"sceneLighting":false,"audioPlay":false,"sceneViewState":{"showFog":true,"showMaterialUpdate":false,"showSkybox":true,"showFlares":true,"showImageEffects":true,"showParticleSystems":true},"in2DMode":false,"pivot":{"x":-16.739999771118165,"y":1.9869999885559083,"z":-19.788999557495118},"rotation":{"x":-0.16981668770313264,"y":0.7652357816696167,"z":-0.22445282340049745,"w":-0.5789624452590942},"size":0.2049080729484558,"orthographic":false}