{"cameraMode":{"drawMode":0,"name":"Shaded","section":"Shading Mode"},"sceneLighting":false,"audioPlay":false,"sceneViewState":{"showFog":true,"showMaterialUpdate":false,"showSkybox":true,"showFlares":true,"showImageEffects":true,"showParticleSystems":true},"in2DMode":false,"pivot":{"x":-12.739999771118164,"y":1.5,"z":-17.739999771118165},"rotation":{"x":-0.044358447194099429,"y":0.9549710154533386,"z":-0.22494028508663178,"w":-0.1883203685283661},"size":9.10519790649414,"orthographic":false}