{"cameraMode":{"drawMode":0,"name":"Shaded","section":"Shading Mode"},"sceneLighting":false,"audioPlay":false,"sceneViewState":{"showFog":true,"showMaterialUpdate":false,"showSkybox":true,"showFlares":true,"showImageEffects":true,"showParticleSystems":true},"in2DMode":false,"pivot":{"x":0.0,"y":1.1460424661636353,"z":-9.5367431640625e-7},"rotation":{"x":-0.42001384496688845,"y":0.03591451793909073,"z":-0.016640760004520417,"w":-0.9066540598869324},"size":13.195989608764649,"orthographic":false}