{"cameraMode":{"drawMode":0,"name":"Shaded","section":"Shading Mode"},"sceneLighting":false,"audioPlay":false,"sceneViewState":{"showFog":true,"showMaterialUpdate":false,"showSkybox":true,"showFlares":true,"showImageEffects":true,"showParticleSystems":true},"in2DMode":false,"pivot":{"x":-12.739999771118164,"y":1.5,"z":-17.739999771118165},"rotation":{"x":-0.2352428138256073,"y":-0.47990086674690249,"z":0.13531646132469178,"w":-0.8342934250831604},"size":6.924104690551758,"orthographic":false}